[
    {
        "Id": 1,
        "Name": "adli ghozian",
        "NoTelp": "082944783"
    },
    {
        "Id": 62,
        "Name": "testes",
        "NoTelp": ""
    },
    {
        "Id": 63,
        "Name": "asdfn",
        "NoTelp": ""
    },
    {
        "Id": 64,
        "Name": "testes",
        "NoTelp": "082944783"
    },
    {
        "Id": 65,
        "Name": "asdfn",
        "NoTelp": "082944783"
    },
    {
        "Id": 66,
        "Name": "testes",
        "NoTelp": "082944783"
    },
    {
        "Id": 67,
        "Name": "asdfn",
        "NoTelp": "082944783"
    },
    {
        "Id": 67,
        "Name": "testes",
        "NoTelp": "082944783"
    },
    {
        "Id": 68,
        "Name": "asdfn",
        "NoTelp": "082944783"
    },
    {
        "Id": 69,
        "Name": "testes",
        "NoTelp": "082944783"
    },
    {
        "Id": 70,
        "Name": "asdfn",
        "NoTelp": "082944783"
    },
    {
        "Id": 72,
        "Name": "testes",
        "NoTelp": "082944783"
    },
    {
        "Id": 73,
        "Name": "asdfn",
        "NoTelp": "082944783"
    }
]